Landcovertype,Plot,Tree_species,Tree_n_per_plot,SOC(%),SOC_stock,TN(%),TN_Stock,AP(mg_kg),AP(%),AP_Stock,C_N_Ratio,C_AP_Ratio,pH_field,Cumulative_AGB_Plot,Cumulative_AGB_Plot_Ha,Average_DBH,Average_cumulative,Hill_Side,Lat_ID,Long_ID,Unknown,Acacia mangium,Cocos nucifera,Acacia auriculiformis,Mallotus mollissimus ,Musa spp.,Trema orientalis,Homalanthus populneus,Ficus nota ,Macaranga tanarius (Linn.),Radermachera pinnata,Artocarpus blancoi,Hibiscus tiliaceus,Ficus congesta,Ficus heteropoda,Artocarpus nitidus (A. lamellosus) ,Gmelina Arborea,Pterocymbium tinctorium,Commersonia bartramina (L.) Merr.,Ficus latsoni,Leucyosyke capitellata,Dendrocnide meyeniana,Pipturus arborescens,Psydrax dicoccos Gaertn.,Vitex quinate,Alstonia scholaris,Breynia vitis-idaea,Leucaena leucocephala,Ficus pseudopalma,Myristica philippinensis,Sindora Supa,Cinnamomum mercadoi,Caryota rumphiana,Lithocarpus celebicus,Diplodiscus paniculatus,Diospyros blancoiA. DC.,Shorea contorta,Ficus variegata,Calophyllum blancoi,Morinda citrifolia,Glochidion camiguinense ,Polyscias nodosa ,Cratoxylum sumatranum,Angiopteris evecta ,Fagrea racemosa ,Mallotus philippensis,Garcinia ituman,Ficus balete,Leea aculeata,Ficus ulmifolia,Calamus rotang,Tabernaemontana pandacaqui,Flueggea flexuosa,Sandoricum vidalii ,Syzigium huchinsonii,Cananga odorata,
Grassland,G3SB,1,1,3.607688084,33.93988068,0.246,2.314,5.93,0.00059,0.00558,14.67,6083.79,5,0.643119398,16.07798495,34.6,16.07798495,S,HIDED,HIDED,0,0,100,0,0,0,0,0,0,0,0,0,0,0,0,0,0,0,0,0,0,0,0,0,0,0,0,0,0,0,0,0,0,0,0,0,0,0,0,0,0,0,0,0,0,0,0,0,0,0,0,0,0,0,0,0,100
2 years old,E1SB,1,1,3.729295819,35.08392416,0.249,2.343,4.4,0.00044,0.00414,14.98,8475.67,5.5,0.005003426,0.125085649,5.7,0.881837795,S,HIDED,HIDED,0,100,0,0,0,0,0,0,0,0,0,0,0,0,0,0,0,0,0,0,0,0,0,0,0,0,0,0,0,0,0,0,0,0,0,0,0,0,0,0,0,0,0,0,0,0,0,0,0,0,0,0,0,0,0,0,100
2 years old,E2NB,1,6,4.115274764,38.71508046,0.297,2.794,6.4,0.00064,0.00602,13.86,6430.12,6.033333333,0.051164004,1.279100098,6.683333333,,N,HIDED,HIDED,0,100,0,0,0,0,0,0,0,0,0,0,0,0,0,0,0,0,0,0,0,0,0,0,0,0,0,0,0,0,0,0,0,0,0,0,0,0,0,0,0,0,0,0,0,0,0,0,0,0,0,0,0,0,0,0,100
2 years old,E3SB,0,0,4.108091849,38.64750608,0.291,2.738,7.12,0.00071,0.0067,14.12,5769.79,6.266666667,0,0,0,,S,HIDED,HIDED,0,0,0,0,0,0,0,0,0,0,0,0,0,0,0,0,0,0,0,0,0,0,0,0,0,0,0,0,0,0,0,0,0,0,0,0,0,0,0,0,0,0,0,0,0,0,0,0,0,0,0,0,0,0,0,0,100
2 years old,E4NB,3,6,5.903939341,55.54221765,0.285,2.681,6.13,0.00061,0.00577,20.72,9631.22,5.066666667,0.084926617,2.123165433,6.35,,N,HIDED,HIDED,0,37.29241819,54.28796212,8.419619688,0,0,0,0,0,0,0,0,0,0,0,0,0,0,0,0,0,0,0,0,0,0,0,0,0,0,0,0,0,0,0,0,0,0,0,0,0,0,0,0,0,0,0,0,0,0,0,0,0,0,,0,100
10 years old,I1SB,4,18,5.966647204,56.13215152,0.344,3.236,8.04,0.0008,0.00756,17.34,7421.2,6.133333333,7.253546953,181.3386738,24.02777778,188.098434,S,HIDED,HIDED,0,94.62511605,5.183660883,0,0.14517835,0,0.046044713,0,0,0,0,0,0,0,0,0,0,0,0,0,0,0,0,0,0,0,0,0,0,0,0,0,0,0,0,0,0,0,0,0,0,0,0,0,0,0,0,0,0,0,0,0,0,0,0,0,100
10 years old,I2NB,6,24,6.42705068,60.46346805,0.418,3.932,12.02,0.0012,0.01131,15.38,5346.96,5.566666667,6.726599787,168.1649947,18.67916667,,N,HIDED,HIDED,0,98.02627192,0,0,0,0,0,0.115976997,0.632543099,0.524048591,0.617022684,0.084136712,0,0,0,0,0,0,0,0,0,0,0,0,0,0,0,0,0,0,0,0,0,0,0,0,0,0,0,0,0,0,0,0,0,0,0,0,0,0,0,0,0,0,0,0,100
10 years old,I3SB,6,31,5.480894319,51.56235652,0.305,2.869,7.62,0.00076,0.00717,17.97,7192.77,5.666666667,6.616489475,165.4122369,16.30645161,,S,HIDED,HIDED,0,78.33630072,8.175909921,0,0,0,0,0,0,4.267496766,0,0,8.895609916,0.324682689,0,0,0,0,0,0,0,0,0,0,0,0,0,0,0,0,0,0,0,0,0,0,0,0,0,0,0,0,0,0,0,0,0,0,0,0,0,0,0,0,0,0,100
10 years old,I4NB,5,23,6.736922626,63.37863605,0.48,4.516,11.83,0.00118,0.01113,14.04,5694.78,6.4,9.499113229,237.4778307,23.28695652,,N,HIDED,HIDED,0,97.26755001,0,0,0,0,0,0.052651798,1.316569578,0.766775404,0,0,0,0,0.596453207,0,0,0,0,0,0,0,0,0,0,0,0,0,0,0,0,0,0,0,0,0,0,0,0,0,0,0,0,0,0,0,0,0,0,0,0,0,0,0,0,0,100
24 years old,O1SB,8,21,7.305275978,68.72550765,0.329,3.095,21.38,0.00214,0.02011,22.2,3416.87,6.833333333,13.71081625,342.7704062,25.2,178.4796441,S,HIDED,HIDED,0,66.52224752,0,0,0,0,0,0.136867441,0.058396275,0,0,0,0,0,0,0.06612656,32.1807786,0.407284568,0.628299031,0,0,0,0,0,0,0,0,0,0,0,0,0,0,0,0,0,0,0,0,0,0,0,0,0,0,0,0,0,0,0,0,0,0,0,0,0,100
24 years old,O2NB,9,47,6.617827817,62.25823332,0.501,4.713,5.92,0.00059,0.00557,13.21,11178.76,6.233333333,4.402176097,110.0544024,11.97083333,,N,HIDED,HIDED,0.599818012,0,0,0,0,0,0,0,0,4.017676319,0,0,0,0,32.20543506,0.180857855,49.98351034,0,0,2.380697837,9.181659726,0.874458857,0.575885997,0,0,0,0,0,0,0,0,0,0,0,0,0,0,0,0,0,0,0,0,0,0,0,0,0,0,0,0,0,0,0,0,0,100
24 years old,O3SB,13,43,5.928751579,55.7756426,0.365,3.434,14.72,0.00147,0.01385,16.24,4027.68,6.266666667,6.281874012,157.0468503,10.31395349,,S,HIDED,HIDED,0,93.45488161,0,0,1.037540401,0,0,0.404815849,0,0.164809177,1.3717822,0.081660546,0.504537631,0,0,0,0,0,0.077862381,0,0.116292735,0,0,1.25858763,1.325219919,0.085717181,0.116292735,0,0,0,0,0,0,0,0,0,0,0,0,0,0,0,0,0,0,0,0,0,0,0,0,0,0,0,0,0,100
24 years old,O4NB,10,29,6.331842158,59.56777923,0.427,4.017,9.49,0.00095,0.00893,14.83,6672.12,5.033333333,4.161876694,104.0469174,14.7862069,,N,HIDED,HIDED,0,27.88753678,10.28112075,0,18.28740134,0,0,0.333623554,0,26.46457849,0,5.03167434,0,0,0,0.557742439,0,0,0,0,0,0,0.172346749,0,0,0.459876461,0,10.52409909,0,0,0,0,0,0,0,0,0,0,0,0,0,0,0,0,0,0,0,0,0,0,0,0,0,0,0,0,99.99999999
Remnant,R1SB,19,63,6.633011734,62.40107835,0.415,3.904,13.71,0.00137,0.0129,15.98,4838.08,6,7.657069907,191.4267477,13.08953846,118.2523097,S,HIDED,HIDED,0,0,0,0,0,0,0,0,0,0,1.115800477,0,0,0,0,0,0,0,0,0,0,0,0.338808647,0,4.5300238,0.27263,0,0,7.057128076,1.571421857,1.61982412,1.965587954,9.393457493,64.13277817,0.346074938,0.824848742,0.899142718,0.069070631,0.363825325,0.654047328,4.654962812,0.045025223,0.145541687,0,0,0,0,0,0,0,0,0,0,0,0,0,100
Remnant,R2NB,16,41,6.751138987,63.51237866,0.469,4.412,11.51,0.00115,0.01083,14.39,5865.46,5.266666667,1.243774097,31.09435243,9.848780488,,N,HIDED,HIDED,0,0,0,0,0,0,0,0,0,0,21.90690022,0,0,0,11.73071869,0,0,0,0,0,7.604748187,13.47741828,21.31683073,0,0.905829142,0,0,0,2.157951229,0,0,0,3.135272562,3.721471913,0,0,0,0,0,0,0,0,0,0.569466722,1.44023849,9.064962918,0.517058611,1.210165701,1.240966607,0,0,0,0,0,0,0,100
Remnant,R3SB,12,19,6.307212603,59.3360729,0.374,3.518,12.36,0.00124,0.01163,16.86,5102.92,6.566666667,5.792775103,144.8193776,15.465,,S,HIDED,HIDED,0.265914992,27.04767119,8.792023416,0,0,0,0,0,0,6.177584642,0,56.13396384,0,0,0,0.258300612,0,0,0,0,0.123345002,0,0,0,0,0.088106692,0,0,0,0,0,0,0,0,0,0,0,0,0,0.253509884,0,0.271473031,0,0,0,0,0,0,0,0.108807913,0.180595896,0.298702895,0,0,0,0,100
Remnant,R4NB,19,41,6.454464615,60.72136886,0.374,3.518,15.83,0.00158,0.01489,17.26,4077.36,5.433333333,4.226750436,105.6687609,12.43414634,,N,HIDED,HIDED,0,0,29.68214161,0,0,0,0,0.357757573,2.929094922,2.810291152,2.635285603,14.79489326,0,0.2397778,0,3.509033655,0,0,0,0,0,0.360212379,0,0.711746933,0,0,0,0,0,0,0,0,0.247092103,0,0,0,0,0,6.963120393,0,0,0.849244137,8.306358194,0,0.657163162,0,0,0,0,0,0,0,22.31090465,0.120756925,2.368414615,0.146710936,100
